{
    "average_train_loss": [
        0.2671357452869415,
        0.16782671213150024,
        0.1557539403438568,
        0.13426944315433503,
        0.11809131354093552,
        0.10964311808347701,
        0.105965057015419,
        0.10485236793756485,
        0.09976032674312592,
        0.09326364696025849,
        0.08838916718959808,
        0.0849207803606987,
        0.08216743171215057,
        0.0801839679479599,
        0.07877452820539474,
        0.0778974398970604,
        0.0774099200963974,
        0.07714496701955795,
        0.07705742716789246,
        0.07465656697750092,
        0.07241822183132171,
        0.07042480111122132,
        0.06875959187746047,
        0.06725203841924668,
        0.06601342409849167,
        0.06483459174633026,
        0.06387036889791489,
        0.06295129358768463,
        0.0622075267136097,
        0.06155076771974564,
        0.061022966355085376,
        0.060548216104507446,
        0.060201721638441084,
        0.0598911814391613,
        0.059664932638406755,
        0.059516589343547824,
        0.059389134496450426,
        0.05932160764932633,
        0.059389634430408476,
        0.059889544546604154,
        0.058955068141222,
        0.058173200488090514,
        0.05744490846991539,
        0.05674787759780884,
        0.05609968304634094,
        0.05550314709544182,
        0.05502764061093331,
        0.05445467233657837,
        0.053977170586586,
        0.05352375358343124,
        0.053118310123682025,
        0.052663525193929674,
        0.0522328794002533,
        0.05193377062678337,
        0.051543097198009494,
        0.05123503357172012,
        0.05097061991691589,
        0.05068796426057816,
        0.0503983348608017,
        0.05022201612591744,
        0.05000711604952812,
        0.04975891187787056,
        0.04954522624611855,
        0.04936128631234169,
        0.049184984713792804,
        0.04903394803404808,
        0.04888545051217079,
        0.04872977510094643,
        0.04861241728067398,
        0.048472505807876584,
        0.048398124426603316,
        0.04829306229948997,
        0.04821820855140686,
        0.04817007705569267,
        0.04810344874858856,
        0.04802501350641251,
        0.04800201430916786,
        0.04796163886785507,
        0.047916702926158905,
        0.04792981892824173
    ],
    "average_val_loss": [
        0.1691831648349762,
        0.1455633521080017,
        0.13736710250377654,
        0.12352544218301773,
        0.11472513675689697,
        0.11056795716285706,
        0.10895948112010956,
        0.10843790471553802,
        0.10214301645755768,
        0.09679930955171585,
        0.09298323988914489,
        0.08945863097906112,
        0.08708497583866119,
        0.08521518260240554,
        0.08402615040540695,
        0.08320962637662888,
        0.08285536468029023,
        0.08275962918996811,
        0.08125433623790741,
        0.07798427939414979,
        0.07508526742458344,
        0.07285585552453995,
        0.07126736640930176,
        0.0695561408996582,
        0.0681385338306427,
        0.06706486344337463,
        0.06608424335718155,
        0.06519638895988464,
        0.06444536447525025,
        0.06389487236738205,
        0.06323061734437943,
        0.06288153007626533,
        0.0625229798257351,
        0.0621779777109623,
        0.062031031399965283,
        0.06192198544740677,
        0.06183016821742058,
        0.06179223731160164,
        0.06269640102982521,
        0.06148925125598907,
        0.06058008745312691,
        0.060249678790569305,
        0.05941388607025146,
        0.058799120038747786,
        0.057886901497840884,
        0.05778342559933662,
        0.05696463137865067,
        0.056513942778110504,
        0.05596686229109764,
        0.05633306279778481,
        0.054963923245668414,
        0.05455332025885582,
        0.054725206643342975,
        0.05406444296240807,
        0.053796061873435976,
        0.05355673953890801,
        0.05342710390686989,
        0.05275873839855194,
        0.052563627064228055,
        0.052488218247890475,
        0.05254621729254723,
        0.052064317464828494,
        0.05231518372893333,
        0.051647547632455826,
        0.05193158835172653,
        0.0515833280980587,
        0.051609909534454344,
        0.05148788541555405,
        0.05135391280055046,
        0.05184669643640518,
        0.05121807977557182,
        0.051597264409065244,
        0.05127856582403183,
        0.05124850869178772,
        0.05123725980520248,
        0.05131138488650322,
        0.05128076747059822,
        0.051200075447559355,
        0.05124607086181641,
        0.05125992298126221
    ]
}