{
    "average_train_loss": [
        0.27432048320770264,
        0.17026180624961854,
        0.15758795142173768,
        0.13582440912723542,
        0.11918956786394119,
        0.1107726663351059,
        0.10700251758098603,
        0.10590101927518844,
        0.10078549981117249,
        0.09413866251707077,
        0.08936825543642044,
        0.08580435961484909,
        0.08315613865852356,
        0.08125974684953689,
        0.07985351979732513,
        0.07898561507463456,
        0.07846291810274124,
        0.07823953479528427,
        0.07815695703029632,
        0.07578925043344498,
        0.07357541471719742,
        0.07158003449440002,
        0.06992771029472351,
        0.06841136366128922,
        0.06711317449808121,
        0.06599047333002091,
        0.06498687565326691,
        0.06407086104154587,
        0.06330209970474243,
        0.06266476958990097,
        0.06207887306809425,
        0.061627787351608274,
        0.06125145629048347,
        0.06094818934798241,
        0.06070790365338326,
        0.060561609268188474,
        0.06042350456118584,
        0.06035886630415917,
        0.06042840555310249,
        0.060951942950487135,
        0.060037598758935926,
        0.05925905704498291,
        0.058550653606653215,
        0.05787806957960129,
        0.05728167593479157,
        0.05671664848923683,
        0.05601812750101089,
        0.05553803592920303,
        0.05507317259907722,
        0.05460166037082672,
        0.054146163165569305,
        0.05372334569692612,
        0.053328757733106615,
        0.052910611033439636,
        0.05257388576865196,
        0.05222958996891976,
        0.05197180360555649,
        0.051638071238994596,
        0.051394809037446976,
        0.05109191089868546,
        0.05085015743970871,
        0.05065456479787826,
        0.050516527146101,
        0.050285884737968446,
        0.05010413452982902,
        0.04991436526179314,
        0.049771673232316974,
        0.04965890347957611,
        0.04954144805669784,
        0.049446775764226916,
        0.049295596033334735,
        0.04922488778829574,
        0.049159837514162065,
        0.04906442239880562,
        0.049039675295352934,
        0.04898863360285759,
        0.04892997741699219,
        0.04891882911324501,
        0.04888433590531349,
        0.04885062053799629
    ],
    "average_val_loss": [
        0.17336095869541168,
        0.1471972107887268,
        0.13905560076236725,
        0.12516554594039916,
        0.11614060252904893,
        0.11165923625230789,
        0.11003905236721039,
        0.10903545767068863,
        0.10246821790933609,
        0.09729554206132889,
        0.09345966130495072,
        0.0904827743768692,
        0.08796662092208862,
        0.0864626184105873,
        0.08520037531852723,
        0.08454392552375793,
        0.08420645743608475,
        0.08408069312572479,
        0.08241330236196517,
        0.07940734326839446,
        0.07678033709526062,
        0.07457172721624375,
        0.07226479053497314,
        0.07084523141384125,
        0.06954282075166703,
        0.06845339238643647,
        0.06718476712703705,
        0.06638160049915313,
        0.06561843603849411,
        0.06498744785785675,
        0.0647089347243309,
        0.06404514610767365,
        0.06374596059322357,
        0.06342594623565674,
        0.06332042515277862,
        0.06312924921512604,
        0.06309858486056327,
        0.06302587911486626,
        0.06419346481561661,
        0.06295491456985473,
        0.061831916123628615,
        0.061039337515830995,
        0.06036207973957062,
        0.05979983136057854,
        0.05941507518291474,
        0.05869889035820961,
        0.05805791988968849,
        0.057494965940713884,
        0.05724783167243004,
        0.05654748603701591,
        0.05677755102515221,
        0.05581324100494385,
        0.05551558285951615,
        0.05529262274503708,
        0.054776372760534285,
        0.05483131557703018,
        0.054567667096853255,
        0.054082393646240234,
        0.053996823728084564,
        0.05382428839802742,
        0.053501813858747485,
        0.05351070836186409,
        0.05309938713908195,
        0.05280085876584053,
        0.05302717536687851,
        0.052544333040714264,
        0.05240085199475288,
        0.05234413370490074,
        0.052327848970890045,
        0.052414485812187196,
        0.052128709852695465,
        0.05217846035957337,
        0.052258990705013275,
        0.05207589417695999,
        0.052112998068332674,
        0.05197487771511078,
        0.052038286626338956,
        0.052020663022994997,
        0.05202453210949898,
        0.05204856023192406
    ]
}