{
    "average_train_loss": [
        0.2306799829006195,
        0.12866820991039277,
        0.11543822735548019,
        0.0946536272764206,
        0.0825758382678032,
        0.07693030089139938,
        0.07440189272165298,
        0.07371534556150436,
        0.07066256254911422,
        0.06655033677816391,
        0.06375745385885238,
        0.061652383953332904,
        0.06003975495696068,
        0.05880859941244125,
        0.05799253657460213,
        0.057395124435424806,
        0.0570791132748127,
        0.05690661072731018,
        0.05728663951158523,
        0.056091326475143435,
        0.05487560406327248,
        0.05385521873831749,
        0.052909210324287415,
        0.05213808715343475,
        0.05144753307104111,
        0.05080171152949333,
        0.050376509130001065,
        0.04980102106928826,
        0.04937552437186241,
        0.04902660995721817,
        0.04867794513702393,
        0.048382171988487245,
        0.04815033823251724,
        0.04790922477841377,
        0.04768649190664291,
        0.0475326843559742,
        0.04742779657244682,
        0.04735817909240723,
        0.04749052971601486,
        0.04889093264937401,
        0.04820263907313347,
        0.047944752126932146,
        0.04755657091736794,
        0.04735237807035446,
        0.046930018812417984,
        0.04668542593717575,
        0.04637294709682464,
        0.046187928318977355,
        0.04596414789557457,
        0.04579290598630905,
        0.04558727219700813,
        0.04527599960565567,
        0.04504909440875053,
        0.04494105502963066,
        0.04463112279772759,
        0.04448565542697906,
        0.04417407661676407,
        0.04401412978768349,
        0.04387042447924614,
        0.043668022751808165,
        0.04355144873261452,
        0.04345421940088272,
        0.043224715441465375,
        0.04296915084123611,
        0.042875342071056366,
        0.04267335012555122,
        0.04259341582655907,
        0.04243334531784058,
        0.042402221262454985,
        0.04233881384134293,
        0.042098932713270185,
        0.04203261286020279,
        0.041920407116413115,
        0.04186157509684563,
        0.041804900765419005,
        0.04173296093940735,
        0.04169345572590828,
        0.04165567085146904,
        0.04163142889738083,
        0.04160385131835938
    ],
    "average_val_loss": [
        0.14015653729438782,
        0.11827620267868041,
        0.1090498223900795,
        0.09367468059062958,
        0.08519763499498367,
        0.08081932067871093,
        0.0791529506444931,
        0.07784816473722458,
        0.0710105150938034,
        0.06660786867141724,
        0.06394581198692321,
        0.06188835278153419,
        0.06048965156078338,
        0.05932776108384132,
        0.0586557038128376,
        0.05833044499158859,
        0.05805387496948242,
        0.05798467621207237,
        0.057753820717334745,
        0.05611618980765343,
        0.055539711564779284,
        0.05415332168340683,
        0.05398937687277794,
        0.053145378828048706,
        0.05215352773666382,
        0.051348545402288434,
        0.05107667073607445,
        0.05106841549277306,
        0.05065170228481293,
        0.050237882882356644,
        0.05002109482884407,
        0.049901214241981504,
        0.049510329216718676,
        0.049619263410568236,
        0.04927317947149277,
        0.049262897670269014,
        0.0493117481470108,
        0.04934127256274223,
        0.05037173926830292,
        0.04980028048157692,
        0.04944526329636574,
        0.049566689878702164,
        0.048539084196090695,
        0.04844947308301926,
        0.04851185008883476,
        0.048161280900239946,
        0.04888914003968239,
        0.04687756597995758,
        0.047097154706716535,
        0.04897967204451561,
        0.04715225324034691,
        0.047102543711662295,
        0.04795014634728432,
        0.0461860790848732,
        0.0462259516119957,
        0.04566853120923042,
        0.04601516872644425,
        0.04611895307898521,
        0.04610465988516808,
        0.04649002477526665,
        0.046272735297679904,
        0.04559306874871254,
        0.045597509294748303,
        0.045078128576278687,
        0.04557914659380913,
        0.04611556082963943,
        0.04569532200694084,
        0.04610772132873535,
        0.04571694955229759,
        0.045438820868730544,
        0.04560558572411537,
        0.045636485517025,
        0.045662564039230344,
        0.0455043651163578,
        0.045486151427030566,
        0.04563152492046356,
        0.04568580538034439,
        0.04565855041146279,
        0.04569318071007729,
        0.0457051083445549
    ]
}