{
    "average_train_loss": [
        0.2505922198295593,
        0.1486399292945862,
        0.13444797694683075,
        0.1108748435974121,
        0.09599885940551758,
        0.08874148726463318,
        0.08554391413927079,
        0.08457877784967423,
        0.08015447407960892,
        0.07441281974315643,
        0.07037509679794311,
        0.06737942397594451,
        0.0652269497513771,
        0.0636295422911644,
        0.06253832280635833,
        0.06179579347372055,
        0.06138314679265022,
        0.06118531748652458,
        0.06139355972409248,
        0.05971808135509491,
        0.0581618569791317,
        0.05678686201572418,
        0.055536530911922455,
        0.054587912559509275,
        0.05365638881921768,
        0.05290322825312614,
        0.05225971788167953,
        0.05168831571936607,
        0.051110757142305376,
        0.05067656189203262,
        0.050242920964956285,
        0.0499906025826931,
        0.0497466966509819,
        0.04937052428722381,
        0.049192289263010024,
        0.04902889207005501,
        0.048935166001319884,
        0.04879598692059517,
        0.04899908453226089,
        0.05003139153122902,
        0.04959457218647003,
        0.049322350323200224,
        0.04884265437722206,
        0.04841223210096359,
        0.04816590324044227,
        0.04775655567646027,
        0.047389738261699677,
        0.047118698805570604,
        0.046888699382543565,
        0.04651263877749443,
        0.04633830785751343,
        0.04593684077262879,
        0.04581943824887276,
        0.045411863923072816,
        0.04534754604101181,
        0.04503797814249992,
        0.04493622109293938,
        0.04446130394935608,
        0.04430444091558457,
        0.04430778697133064,
        0.044036338478326796,
        0.043679744750261304,
        0.04368813931941986,
        0.04335341602563858,
        0.04324421137571335,
        0.04309076815843582,
        0.04279282391071319,
        0.04266880303621292,
        0.04246612340211868,
        0.04234728291630745,
        0.04219229593873024,
        0.04218121841549873,
        0.04206429794430733,
        0.041957636922597887,
        0.04190453365445137,
        0.041841933876276015,
        0.04178634807467461,
        0.041750054061412814,
        0.04174043089151382,
        0.041716887056827544
    ],
    "average_val_loss": [
        0.1557912439107895,
        0.13336918950080873,
        0.12404261231422424,
        0.10710851997137069,
        0.09709380120038986,
        0.09161741435527801,
        0.08943988382816315,
        0.0878684625029564,
        0.07990097552537918,
        0.07449391335248948,
        0.06981992572546006,
        0.06724687069654464,
        0.06530694663524628,
        0.06402123421430587,
        0.06312346830964088,
        0.06263433992862702,
        0.06237968653440475,
        0.06230081543326378,
        0.06129369735717773,
        0.05947546660900116,
        0.058161494135856626,
        0.056892435252666476,
        0.05610445514321327,
        0.0549997977912426,
        0.05414602607488632,
        0.05368500053882599,
        0.05304914340376854,
        0.05237503722310066,
        0.052175966650247575,
        0.0518017865717411,
        0.05159943327307701,
        0.051538814604282376,
        0.051162151247262956,
        0.05114105641841889,
        0.05094131976366043,
        0.051244381815195084,
        0.051153241842985156,
        0.05113616809248924,
        0.05196663364768028,
        0.05111860036849976,
        0.05096649974584579,
        0.049886594712734225,
        0.049470171332359314,
        0.04945968836545944,
        0.04869784787297249,
        0.0494691826403141,
        0.048427045345306396,
        0.04819186925888062,
        0.047573968023061755,
        0.047958577424287795,
        0.04702752083539963,
        0.047687605023384094,
        0.047122412174940106,
        0.04726322218775749,
        0.04629628136754036,
        0.04690418988466263,
        0.04650801718235016,
        0.04770239740610123,
        0.04626545831561089,
        0.04650658890604973,
        0.04697434827685356,
        0.045971326529979706,
        0.04639768451452255,
        0.04614778682589531,
        0.04695644825696945,
        0.04580912590026855,
        0.04590941593050957,
        0.04693131148815155,
        0.047130728513002394,
        0.04715151265263558,
        0.04643034562468529,
        0.046660365909337996,
        0.046376676112413404,
        0.04684194475412369,
        0.04663424715399742,
        0.04683505892753601,
        0.04690797179937363,
        0.046658311039209366,
        0.046788282692432404,
        0.0466740220785141
    ]
}