{
    "average_train_loss": [
        0.2716949224472046,
        0.1685383439064026,
        0.15595636665821075,
        0.13352569341659545,
        0.11655499190092086,
        0.10821012258529664,
        0.10454283207654953,
        0.10344918519258499,
        0.09838006347417831,
        0.0917719379067421,
        0.08699046522378921,
        0.08339398056268692,
        0.08066248446702957,
        0.07865875214338303,
        0.07727233171463013,
        0.07635795921087266,
        0.07583003640174865,
        0.07561256438493728,
        0.07551946938037872,
        0.07312581539154053,
        0.07098923027515411,
        0.06906153410673141,
        0.06737758815288544,
        0.06592602282762527,
        0.06466045826673508,
        0.06355688869953155,
        0.06257465109229088,
        0.06176675856113434,
        0.061019939929246904,
        0.06042794212698936,
        0.05988461226224899,
        0.05944636538624763,
        0.05911668837070465,
        0.058814266324043275,
        0.058607759326696394,
        0.05845059901475906,
        0.05833323746919632,
        0.05827252864837647,
        0.058348091691732405,
        0.05882810801267624,
        0.057997457683086395,
        0.05720755979418755,
        0.05653902143239975,
        0.05591263920068741,
        0.0552989549934864,
        0.05474813878536224,
        0.05426281541585922,
        0.053720667213201526,
        0.05324216187000275,
        0.05286368057131767,
        0.05239046216011047,
        0.05207040086388588,
        0.051728376746177675,
        0.0513353519141674,
        0.05100894570350647,
        0.050684832781553266,
        0.050407635420560835,
        0.0501673236489296,
        0.04987317025661468,
        0.04973398521542549,
        0.04939447343349457,
        0.04921724423766136,
        0.049008747935295104,
        0.04886833429336548,
        0.04868277907371521,
        0.04850440919399261,
        0.04835953786969185,
        0.048292693495750424,
        0.048138820379972455,
        0.04799741357564926,
        0.047876977175474164,
        0.04779012575745582,
        0.04770699515938759,
        0.047625652700662616,
        0.04757960736751556,
        0.047525796294212344,
        0.04748318567872047,
        0.0474349781870842,
        0.04740505740046501,
        0.04737293049693107
    ],
    "average_val_loss": [
        0.1704877257347107,
        0.14601666927337648,
        0.1380273461341858,
        0.12324182242155075,
        0.1150119200348854,
        0.11052221059799194,
        0.10886472910642624,
        0.10822249948978424,
        0.10141685754060745,
        0.09600298404693604,
        0.09159494936466217,
        0.08809676468372345,
        0.0854579672217369,
        0.08360435962677001,
        0.08213525414466857,
        0.08132408559322357,
        0.08089434057474136,
        0.08077875673770904,
        0.07876577079296113,
        0.07551907151937484,
        0.07269325405359268,
        0.07068811357021332,
        0.06904114484786987,
        0.0672993615269661,
        0.06611213535070419,
        0.06507931351661682,
        0.06386234909296036,
        0.06317264437675477,
        0.06237543746829033,
        0.06179664209485054,
        0.06133355051279068,
        0.06105947718024254,
        0.06077316701412201,
        0.06050048917531967,
        0.06038409322500229,
        0.06029413342475891,
        0.060218890011310575,
        0.060165949165821075,
        0.061210034787654875,
        0.060472121089696886,
        0.05955220311880112,
        0.05896896049380303,
        0.05815619751811028,
        0.05764417201280594,
        0.05704529359936714,
        0.05666853785514832,
        0.05658615604043007,
        0.05561969056725502,
        0.05531490072607994,
        0.05497463643550873,
        0.0546421118080616,
        0.0543913446366787,
        0.05390841141343117,
        0.053537764400243756,
        0.053190254420042035,
        0.053194033354520796,
        0.05316103622317314,
        0.052593673765659335,
        0.052497731149196626,
        0.052430426329374315,
        0.052000058442354204,
        0.05208664089441299,
        0.051638515293598176,
        0.051500339061021805,
        0.0517498217523098,
        0.05143156796693802,
        0.0513449601829052,
        0.05137532576918602,
        0.051250957697629926,
        0.05127211511135101,
        0.051393899321556094,
        0.05131184607744217,
        0.05137835815548897,
        0.05132589340209961,
        0.051398173719644544,
        0.05132946819067001,
        0.051423003524541856,
        0.05142199248075485,
        0.051355598121881486,
        0.05139040648937225
    ]
}