{
    "average_train_loss": [
        0.2624123990535736,
        0.16180759370326997,
        0.1500380218029022,
        0.12819560170173644,
        0.11122947037220002,
        0.10279305726289749,
        0.09907939285039902,
        0.09801003187894822,
        0.0927060827612877,
        0.08556500375270844,
        0.08015683442354202,
        0.07616153508424758,
        0.07317584156990051,
        0.07108055800199509,
        0.06971147805452346,
        0.06883280873298644,
        0.06834991723299026,
        0.06813013106584549,
        0.06811299920082092,
        0.06599240750074387,
        0.0640415757894516,
        0.06238460466265679,
        0.06097862720489502,
        0.0597713977098465,
        0.0586814358830452,
        0.05778326690196991,
        0.05698485895991325,
        0.05631883293390274,
        0.05569252893328667,
        0.0551759198307991,
        0.054732920974493025,
        0.05437159463763237,
        0.05405535846948624,
        0.053788235783576964,
        0.05352364331483841,
        0.053428763151168825,
        0.053274990618228914,
        0.05320561230182648,
        0.05334714725613594,
        0.05424105003476143,
        0.053620196878910065,
        0.0530565083026886,
        0.05256127342581749,
        0.052088556438684465,
        0.0516591027379036,
        0.051306530833244324,
        0.05087050795555115,
        0.050513067096471784,
        0.05003723576664924,
        0.04978870376944542,
        0.04957706108689308,
        0.04914778545498848,
        0.04873230308294296,
        0.04865223690867424,
        0.04833160042762756,
        0.04785785526037216,
        0.0478385902941227,
        0.04747447371482849,
        0.04726452603936195,
        0.04689516946673393,
        0.04660043641924858,
        0.04642499387264252,
        0.04600164070725441,
        0.045713072270154954,
        0.04556715711951256,
        0.045289617776870725,
        0.045100978761911395,
        0.044908204674720766,
        0.04466695785522461,
        0.04456875920295715,
        0.04436288625001907,
        0.044241368770599365,
        0.04419921189546585,
        0.04400733336806297,
        0.04395622983574867,
        0.04391507804393768,
        0.043867263942956924,
        0.04381970763206482,
        0.043799562752246855,
        0.04378351047635078
    ],
    "average_val_loss": [
        0.1627561241388321,
        0.13917475640773774,
        0.13211729526519775,
        0.1174557387828827,
        0.10929046273231506,
        0.10505187213420868,
        0.10342025607824326,
        0.10273513346910476,
        0.09551970064640045,
        0.08954642564058304,
        0.08401496559381486,
        0.07939171642065049,
        0.07626720368862153,
        0.07399224787950516,
        0.07255616337060929,
        0.0718460202217102,
        0.0715078815817833,
        0.0713685154914856,
        0.06985354721546173,
        0.06715403348207474,
        0.06538672745227814,
        0.06395196914672852,
        0.06248926594853401,
        0.061249537765979765,
        0.06004012450575828,
        0.05922173485159874,
        0.05863438695669174,
        0.05803394988179207,
        0.05775789991021156,
        0.05720357745885849,
        0.05672436207532883,
        0.056279494613409045,
        0.056267811357975005,
        0.0561608724296093,
        0.05613808110356331,
        0.055900225043296815,
        0.055854519456624986,
        0.055801872164011,
        0.05723089724779129,
        0.0562571607530117,
        0.055381208658218384,
        0.0547805093228817,
        0.055288346111774446,
        0.05406198427081108,
        0.05390833169221878,
        0.05313034206628799,
        0.05269022658467293,
        0.052341348677873614,
        0.052152419835329054,
        0.0520138755440712,
        0.05179879367351532,
        0.05181131139397621,
        0.05180259272456169,
        0.05109979882836342,
        0.050820423662662505,
        0.05134172588586807,
        0.05123885273933411,
        0.049925771355628965,
        0.050570834428071976,
        0.05005059465765953,
        0.05003493875265121,
        0.05082321986556053,
        0.05107655301690102,
        0.051416224986314776,
        0.050578993558883664,
        0.05130502805113792,
        0.05072590932250023,
        0.050440648943185805,
        0.05052156671881676,
        0.05059105306863785,
        0.05097179263830185,
        0.050704701244831084,
        0.050890492647886275,
        0.051041025668382645,
        0.05095324069261551,
        0.05096128433942795,
        0.050927503407001494,
        0.050827968120574954,
        0.05082496702671051,
        0.050873898714780805
    ]
}