{
    "average_train_loss": [
        0.26756422519683837,
        0.16728016436100007,
        0.15460800528526306,
        0.1325693041086197,
        0.11682509183883667,
        0.10870234966278076,
        0.10503568947315216,
        0.10393081903457642,
        0.09903468191623688,
        0.09252903908491135,
        0.08770218342542649,
        0.08412684947252273,
        0.08146969228982925,
        0.07954665273427963,
        0.07821359038352967,
        0.07734244018793106,
        0.07682792097330093,
        0.07663117945194245,
        0.0766085922718048,
        0.0743281215429306,
        0.07217951714992524,
        0.0703246533870697,
        0.0687258705496788,
        0.0672750785946846,
        0.06603023260831833,
        0.0648925930261612,
        0.06391395777463912,
        0.06306716948747634,
        0.06235052570700646,
        0.06171896383166313,
        0.061175357550382614,
        0.060720930248498915,
        0.060384659469127654,
        0.06006352454423904,
        0.0598291739821434,
        0.05966983884572983,
        0.05956099331378937,
        0.05948702767491341,
        0.05956701710820198,
        0.06002887040376663,
        0.05915398523211479,
        0.05843580886721611,
        0.0576180137693882,
        0.05698809549212456,
        0.05632079690694809,
        0.055752317607402804,
        0.055194470286369327,
        0.05471735969185829,
        0.05415281653404236,
        0.05369456186890602,
        0.053266904503107074,
        0.052925318479537964,
        0.05246386826038361,
        0.0521037831902504,
        0.051770192384719846,
        0.05145602449774742,
        0.05118696689605713,
        0.05092381238937378,
        0.05069671049714088,
        0.050377247482538225,
        0.050130484998226164,
        0.049934981018304826,
        0.049755859375,
        0.049524661153554916,
        0.04939720630645752,
        0.049185171723365784,
        0.04901191145181656,
        0.04891516342759132,
        0.048788470774888994,
        0.04867855310440063,
        0.048571494221687314,
        0.048498548567295074,
        0.048394455760717395,
        0.048299895226955415,
        0.048261864483356474,
        0.04820411801338196,
        0.04817344844341278,
        0.04813676252961159,
        0.04812529981136322,
        0.04807488992810249
    ],
    "average_val_loss": [
        0.16931009590625762,
        0.1459507614374161,
        0.13767268061637877,
        0.1228315994143486,
        0.11493960320949555,
        0.11085430234670639,
        0.10932364463806152,
        0.10843335390090943,
        0.10217641741037368,
        0.09686024487018585,
        0.09244078397750854,
        0.08905998021364211,
        0.0866206556558609,
        0.08465596586465836,
        0.08338232338428497,
        0.08259043842554092,
        0.08221437186002731,
        0.08209675997495651,
        0.07989227026700974,
        0.07671689987182617,
        0.07397052943706513,
        0.07200824320316315,
        0.0699701726436615,
        0.06845430731773376,
        0.06702969074249268,
        0.06604098975658416,
        0.06490800231695175,
        0.06407568901777268,
        0.06337925493717193,
        0.0628459095954895,
        0.062306341528892514,
        0.06201719492673874,
        0.06179477944970131,
        0.06147259995341301,
        0.061294383555650714,
        0.06118204891681671,
        0.06109605506062508,
        0.061074739694595336,
        0.061978377401828766,
        0.061085484176874164,
        0.06122983247041702,
        0.059673628956079486,
        0.05887751951813698,
        0.058849860727787015,
        0.05789966136217117,
        0.05730739235877991,
        0.05732898488640785,
        0.05632060691714287,
        0.05605040341615677,
        0.05554334968328476,
        0.05542103946208954,
        0.05539337769150734,
        0.05458271577954292,
        0.0542273074388504,
        0.053984012454748154,
        0.05355022698640823,
        0.053329817950725555,
        0.053291849046945575,
        0.05325288698077202,
        0.05278997421264649,
        0.052628941088914874,
        0.052802322804927825,
        0.052360526472330096,
        0.052309964597225186,
        0.052051246911287305,
        0.05190248340368271,
        0.051878636330366136,
        0.05179887264966965,
        0.05175449550151825,
        0.051628094911575315,
        0.05162453651428223,
        0.0516614705324173,
        0.051652318239212035,
        0.0514857642352581,
        0.051603879779577255,
        0.05151731595396995,
        0.05158921107649803,
        0.05161802023649216,
        0.05154544115066528,
        0.05155336856842041
    ]
}